{
  "SpaceCharge": {
    "method": "robust",
    "mean": 0.0,
    "std": 1.0,
    "median": 3159358963712.0,
    "iqr": 1.002945497792512e+16,
    "min_val": 0.0,
    "max_val": 1.0,
    "eps": 1e-06
  },
  "ElectricField_x": {
    "method": "robust",
    "mean": 0.0,
    "std": 1.0,
    "median": -99468.4296875,
    "iqr": 1373891.999995001,
    "min_val": 0.0,
    "max_val": 1.0,
    "eps": 1e-06
  },
  "ElectricField_y": {
    "method": "robust",
    "mean": 0.0,
    "std": 1.0,
    "median": -6.834236145019531,
    "iqr": 56370.988281249585,
    "min_val": 0.0,
    "max_val": 1.0,
    "eps": 1e-06
  },
  "doping": {
    "method": "log_standard",
    "mean": 11.547706604003906,
    "std": 37.39242935180664,
    "median": 0.0,
    "iqr": 1.0,
    "min_val": 0.0,
    "max_val": 1.0,
    "eps": 1e-06
  },
  "x": {
    "method": "minmax",
    "mean": 0.0,
    "std": 1.0,
    "median": 0.0,
    "iqr": 1.0,
    "min_val": 1.4775307022318884e-07,
    "max_val": 12.5,
    "eps": 1e-06
  },
  "ElectrostaticPotential": {
    "method": "standard",
    "mean": 996.5261840820312,
    "std": 658.2628173828125,
    "median": 0.0,
    "iqr": 1.0,
    "min_val": 0.0,
    "max_val": 1.0,
    "eps": 1e-06
  },
  "vds": {
    "method": "standard",
    "mean": 1776.7138671875,
    "std": 68.04473876953125,
    "median": 0.0,
    "iqr": 1.0,
    "min_val": 0.0,
    "max_val": 1.0,
    "eps": 1e-06
  },
  "y": {
    "method": "minmax",
    "mean": 0.0,
    "std": 1.0,
    "median": 0.0,
    "iqr": 1.0,
    "min_val": 0.0,
    "max_val": 128.10000610351562,
    "eps": 1e-06
  }
}